{
  "id": "vsd-system",
  "title": "Against The Darkmaster",
  "description": "The unofficial Against the Darkmaster system for Foundry VTT.",
  "authors": [
    {
      "name": "Jeronimo Rodriguez",
      "discord": "_jeropa"
    }
  ],
  "url": "https://github.com/jero-rodriguez/vsd-system",
  "license": "LICENSE.txt",
  "readme": "README.md",
  "bugs": "https://github.com/users/jero-rodriguez/projects/1",
  "changelog": "CHANGELOG.md",
  "media": [
    {
      "type": "setup",
      "url": "systems/vsd-system/assets/anvil-impact.png",
      "thumbnail": "systems/vsd-system/assets/anvil-impact.png"
    }
  ],
  "version": "0.0.3",
  "compatibility": {
    "minimum": 13,
    "verified": "13.351"
  },
  "esmodules": [
    "module/vsd-system.mjs"
  ],
  "styles": [
    "css/vsd-system.css"
  ],
  "languages": [
    {
      "lang": "en",
      "name": "English",
      "path": "lang/en.json"
    },
    {
      "lang": "es",
      "name": "Spanish",
      "path": "lang/es.json"
    }
  ],
  "packs": [],
  "packFolders": [],
  "socket": false,
  "manifest": "https://raw.githubusercontent.com/jero-rodriguez/vsd-system/refs/tags/v0.0.3/system.json",
  "download": "https://github.com/jero-rodriguez/vsd-system/archive/refs/tags/v0.0.3.zip",
  "background": "systems/vsd-system/assets/anvil-impact.png",
  "grid": {
    "distance": 1,
    "units": "m"
  },
  "primaryTokenAttribute": "health",
  "secondaryTokenAttribute": "power"
}
